{
  "data": {
    "date": {
      "created_at": "2025-02-20",
      "updated_at": "2025-02-20"
    },
    "descriptions": {
      "app_name": "NestJS APM",
      "app_description": "NestJS-APM is a powerful integration package designed to provide seamless Application Performance Monitoring (APM) for NestJS applications.",
      "app_logo": "https://cdn-icons-png.flaticon.com/512/10700/10700902.png",
      "app_url": "https://nestjs-apm.primatexcode.com",
      "background_color": "#fff"
    },
    "is_active": true,
    "integration_type": "modifier",
    "integration_category": "Performance Monitoring",
    "key_features": [
      "Global Exception Handling.",
      "Real Time Error Monitoring.",
      "Request Response Time.",
      "Application Performance Monitoring.",
      "Error Rate.",
      "Throughput."
    ],
    "author": "Edwin Edjokpa",
    "settings": [],
    "target_url": "https://ping.telex.im/v1/webhooks/0195186d-b707-7f9e-bc7f-c75f841ef281",
    "tick_url": "https://nestjs-apm.primatexcode.com"
  }
}
